[{ "created" : "1402600391", "Description" : "gallery", "Id" : "519d1112849168c01b000048", "Name" : "POSTED", "URI" : "http://127.0.0.1:3000/apps-gallery/api/galleries/519d1112849168c01b000048.json", "_id" : { "$oid" : "5399fbc76907a4c3400006f8" }, "_route" : "/galleries/:id.json", "Contact" : [ { "URI" : "http://127.0.0.1:3000/apps-gallery/api/contacts/smacfarland@ctacorp.com.json", "Phone1" : "(703) 582-8378", "MaxId" : "A088144", "LastName" : "MacFarland", "Id" : "smacfarland@ctacorp.com", "FirstName" : "Shawn", "Email1" : "smacfarland@ctacorp.com", "created" : "1402600391", "updated" : "1402600397", "Agency" : [ { "Name" : "General Services Administration", "Id" : "5249915194e7c5ec4d0000ae", "URI" : "http://127.0.0.1:3000/apps-gallery/api/agencies/5249915194e7c5ec4d0000ae.json", "created" : "1402600390" } ] } ], "Registration" : [ { "created" : "1402600391", "URI" : "http://127.0.0.1:3000/apps-gallery/api/registrations/519adb95e8f8efcc74000159.json", "Short_Description" : "View the official 9/11 Memorial app.", "Organization" : "National September 11 Memorial and Museum", "Name" : "9/11 Memorial", "Long_Description" : "<p><span class=\"tx\">The National September 11 Memorial and Museum created the official 9/11 Memorial application as a guide to understanding 9/11 through the eyes of those who witnessed the events. Given the sensitivity surrounding the events of 9/11, viewer discretion is advised. The app has three features:</span></p><p><strong>Tour</strong></p><p>A seven-stop walking tour of the area around the World Trade Center, accompanied by audio and photo narration. The events of the day and its aftermath are told by first responders, rescue workers, volunteers, and those who lived and worked in Lower Manhattan on 9/11. While the walking tour takes place in Lower Manhattan, the tour content is accessible to users anywhere.</p><p><strong>Explore</strong></p><p>View images related to the events of 9/11 and their aftermath taken nearby wherever you are. Photos may be viewed in Augmented Reality-technology mode which overlays images on the camera view. All photos were contributed to the museum by survivors and witnesses through 911history.org.</p><p><strong>Timeline</strong></p><p>An interactive timeline of the day’s events and aftermath. Includes links to witness photos taken during these time blocks.</p><p>The app can operate in an offline mode for non-U.S. visitors who have disabled data roaming. In this mode, all tour content is still accessible. The app includes a map of free WiFi hotspots near the tour route for downloading “Explore” photos from the vicinity.</p><p>The app is rated 9+ due to infrequent/mild realistic violence or infrequent/mild mature/suggestive themes.</p><p>For more information on the 9/11 Memorial, please visit http://www.911memorial.org/</p>", "Language" : "EN", "Id" : "519adb95e8f8efcc74000159", "Friendly_Url" : "http://apps.usa.gov/911-memorial.shtml", "Featured" : "0", "CMS_Id" : "68706", "Meta_Details" : [ { "created" : "1402600391", "Category" : [ "Reference" ] } ], "Version_Details" : [ { "created" : "1402600391", "Version_Number" : "", "Published" : "2011-09-10 00:00:00.0", "Description" : "", "Whats_New" : "", "Platform" : "iOS", "Store_Url" : "http://itunes.apple.com/us/app/explore-9-11/id387986451?mt=8", "Language" : "EN", "Rating" : "4", "Rating_Count" : "3278", "Device" : [ "Mobile Phone" ] } ], "Icon" : [ "http://apps.usa.gov/images/911_icon.jpg" ], "Status" : "PUBLIC" }, { "created" : "1402600391", "URI" : "http://127.0.0.1:3000/apps-gallery/api/registrations/519adb95e8f8efcc7400010d.json", "Short_Description" : "Get current weather forecasts and warnings", "Organization" : "National Oceanic and Atmospheric Administration (NOAA)", "Name" : "National Weather Service", "Long_Description" : "<p>The National Weather Service (NWS) provides weather, hydrologic, and climate forecasts and warnings for the United States, its territories, adjacent waters and ocean areas, for the protection of life and property and the enhancement of the national economy. NWS data and products form a national information database and infrastructure which can be used by other governmental agencies, the private sector, the public, and the global community.</p>", "Language" : "EN", "Id" : "519adb95e8f8efcc7400010d", "Friendly_Url" : "http://apps.usa.gov/national-weather-service.shtml", "Featured" : "0", "CMS_Id" : "68385", "Meta_Details" : [ { "created" : "1402600391", "Category" : [ "Reference", "Education" ] } ], "Version_Details" : [ { "created" : "1402600391", "Version_Number" : "", "Published" : "2011-09-02 00:00:00.0", "Description" : "", "Whats_New" : "", "Platform" : "Mobile Web", "Store_Url" : "http://mobile.weather.gov/", "Language" : "EN", "Rating" : null, "Rating_Count" : null, "Device" : [ "Mobile Phone" ] } ], "Icon" : [ "http://apps.usa.gov/images/nws_icon.jpg" ], "Status" : "PUBLIC" }, { "updated" : "1402600395", "URI" : "http://127.0.0.1:3000/apps-gallery/api/registrations/519adb95e8f8efcc740001a0.json", "Short_Description" : "Find your elected officials, read the latest bills, laws and more.", "Organization" : "Sunlight Labs", "Name" : "Congress - A Pocket Directory", "Long_Description" : "<p>** Please note: This app was created by a non-government organization using government data. **</p><p>A pocket Congress – track elected officials, read the latest bills and laws.</p><p>Want to know more about Congress?</p><p>* Find your representatives by your location<br />* See how they vote, read up on bills<br />* Stay on top of floor activity, committee hearings<br />* Be notified of new events</p><p>Answers to common questions:</p><p>* Legislators don’t have public email addresses.<br />* The app uses location only to find your local representative.<br />* It does not do anything on boot unless you enable notifications.<br />* The app cannot be moved to the SD card, because it uses background services for notifications.</p><p>COMMITTEE NOTE: House committee information is now available. Still missing some membership data, the House has not made everything public yet.</p><p>CUPCAKE USERS: This may be the last version of the app available for Android 1.5. Our apologies to anyone affected, but we need to start working to optimize the app for tablets soon, and doing this well means dropping support for Android 1.5.</p>", "Language" : "EN", "Id" : "519adb95e8f8efcc740001a0", "Friendly_Url" : "http://apps.usa.gov/congress-a-pocket-directory.shtml", "Featured" : "0", "CMS_Id" : "68772", "created" : "1402600391", "Agency" : [ { "Name" : "Department of Labor", "Id" : "5249915194e7c5ec4d000062", "URI" : "http://127.0.0.1:3000/apps-gallery/api/agencies/5249915194e7c5ec4d000062.json", "created" : "1402600395" } ], "Meta_Details" : [ { "created" : "1402600391", "Category" : [ "Reference" ] } ], "Version_Details" : [ { "created" : "1402600391", "Version_Number" : "", "Published" : "2011-08-04 00:00:00.0", "Description" : "", "Whats_New" : "", "Platform" : "Android", "Store_Url" : "https://play.google.com/store/apps/details?id=com.sunlightlabs.android.congress", "Language" : "EN", "Rating" : "4.6", "Rating_Count" : "7616", "Device" : [ "Mobile Phone" ] } ], "Icon" : [ "http://apps.usa.gov/images/icon_Congress2.jpg" ], "Status" : "PUBLIC" } ], "Meta_Details" : [], "__v" : 0 },{ "created" : "1402600391", "Description" : "HHS APPS.", "Id" : "51a796066e0ab73764000054", "Name" : "HHS Gallery", "URI" : "http://127.0.0.1:3000/apps-gallery/api/galleries/51a796066e0ab73764000054.json", "_id" : { "$oid" : "5399fbc76907a4c340000704" }, "_route" : "/galleries/:id.json", "Contact" : [ { "URI" : "http://127.0.0.1:3000/apps-gallery/api/contacts/jacob.parcell@gsa.gov.json", "Phone1" : "(202) 208-7139", "MaxId" : "A045034", "LastName" : "Parcell", "Id" : "jacob.parcell@gsa.gov", "FirstName" : "Jacob", "Email1" : "jacob.parcell@gsa.gov", "created" : "1402600391", "updated" : "1402600397", "Agency" : [ { "Name" : "General Services Administration", "Id" : "5249915194e7c5ec4d0000ae", "URI" : "http://127.0.0.1:3000/apps-gallery/api/agencies/5249915194e7c5ec4d0000ae.json", "created" : "1402600397" } ] } ], "Registration" : [], "Meta_Details" : [], "__v" : 0 }]
